{
  "children": [
    {
      "transform": {
        "pos": {
          "x": 0.0,
          "y": 0.0,
          "z": 0.0
        },
        "scale": {
          "x": 1.0,
          "y": 1.0,
          "z": 1.0
        },
        "rot": {
          "x": 0.0,
          "y": 0.0,
          "z": 0.0,
          "w": 1.0
        }
      },
      "name": "Explosion",
      "id": 1,
      "internal": true,
      "data": {
        "children": [],
        "logics": [
          {
            "type": "ParticlesSystem",
            "id": 1,
            "data": {
              "isVisible": true,
              "alpha": 1.0,
              "drawPriority": 3,
              "emission": {
                "duration": 0.10000000149011612,
                "startDelay": 0.0,
                "autoStart": false,
                "loop": false,
                "heating": false,
                "emitterSpace": "World",
                "emitterType": "Sphere",
                "emitterVal": {
                  "x": 1.0,
                  "y": 0.0
                },
                "thickness": 0.0,
                "emissionRate": 300.0,
                "direction": 0.0,
                "directionVar": 360.0,
                "lifetime": 0.6000000238418579,
                "lifetimeVar": 0.10000000149011612
              },
              "movement": {
                "speed": 60.0,
                "speedVar": 0.10000000149011612,
                "initRotation": 30.0,
                "initRotationVar": 0.10000000149011612,
                "rotationSpeed": 10.0,
                "rotationSpeedVar": 0.10000000149011612,
                "rotationAcc": 0.0
              },
              "size": {
                "startScale": {
                  "x": 0.10000000149011612,
                  "y": 0.10000000149011612
                },
                "startScaleVar": {
                  "x": 0.10000000149011612,
                  "y": 0.10000000149011612
                },
                "endScale": {
                  "x": 0.4000000059604645,
                  "y": 0.4000000059604645
                },
                "endScaleVar": {
                  "x": 0.10000000149011612,
                  "y": 0.10000000149011612
                }
              },
              "color": {
                "startCol": {
                  "r": 255,
                  "g": 255,
                  "b": 255,
                  "a": 255
                },
                "startColVar": {
                  "x": 0.10000000149011612,
                  "y": 0.10000000149011612,
                  "z": 0.10000000149011612,
                  "w": 0.0
                },
                "endCol": {
                  "r": 255,
                  "g": 0,
                  "b": 0,
                  "a": 255
                },
                "endColVar": {
                  "x": 0.20000000298023224,
                  "y": 0.20000000298023224,
                  "z": 0.20000000298023224,
                  "w": 0.0
                },
                "fadeIn": 0.0,
                "fadeOut": 0.15000000596046448
              },
              "render": {
                "blending": "Additive",
                "textureInfo": {
                  "filename": "Images/Base/circle_32x32.png",
                  "lerpType": "Point",
                  "tintColor": {
                    "r": 0,
                    "g": 0,
                    "b": 0,
                    "a": 0
                  }
                }
              },
              "subEmitters": {
                "subEmitters": []
              },
              "gravity": {
                "fields": []
              }
            }
          }
        ]
      }
    }
  ],
  "logics": [
    {
      "type": "ParticlesSystem",
      "id": 1,
      "data": {
        "isVisible": true,
        "alpha": 1.0,
        "drawPriority": 2,
        "emission": {
          "duration": -1.0,
          "startDelay": 0.0,
          "autoStart": true,
          "loop": false,
          "heating": true,
          "emitterSpace": "World",
          "emitterType": "Box",
          "emitterVal": {
            "x": 30.0,
            "y": 2.0
          },
          "thickness": 0.0,
          "emissionRate": 5.0,
          "direction": 90.0,
          "directionVar": 30.0,
          "lifetime": 1.5,
          "lifetimeVar": 0.10000000149011612
        },
        "movement": {
          "speed": 40.0,
          "speedVar": 0.10000000149011612,
          "initRotation": 30.0,
          "initRotationVar": 0.10000000149011612,
          "rotationSpeed": 10.0,
          "rotationSpeedVar": 0.10000000149011612,
          "rotationAcc": 0.0
        },
        "size": {
          "startScale": {
            "x": 0.0,
            "y": 0.0
          },
          "startScaleVar": {
            "x": 0.10000000149011612,
            "y": 0.10000000149011612
          },
          "endScale": {
            "x": 0.5,
            "y": 0.5
          },
          "endScaleVar": {
            "x": 0.10000000149011612,
            "y": 0.10000000149011612
          }
        },
        "color": {
          "startCol": {
            "r": 255,
            "g": 255,
            "b": 255,
            "a": 255
          },
          "startColVar": {
            "x": 0.10000000149011612,
            "y": 0.10000000149011612,
            "z": 0.10000000149011612,
            "w": 0.0
          },
          "endCol": {
            "r": 255,
            "g": 255,
            "b": 255,
            "a": 255
          },
          "endColVar": {
            "x": 0.20000000298023224,
            "y": 0.20000000298023224,
            "z": 0.20000000298023224,
            "w": 0.0
          },
          "fadeIn": 0.0,
          "fadeOut": 0.05000000074505806
        },
        "render": {
          "blending": "Additive",
          "textureInfo": {
            "filename": "Images/Base/circle_32x32.png",
            "lerpType": "Point",
            "tintColor": {
              "r": 0,
              "g": 0,
              "b": 0,
              "a": 0
            }
          }
        },
        "subEmitters": {
          "subEmitters": [
            {
              "event": "OnParticleDeath",
              "entityId": [
                1
              ]
            }
          ]
        },
        "gravity": {
          "fields": [
            {
              "type": "Simple",
              "offset": {
                "x": 0.0,
                "y": 0.0
              },
              "dir": -90.0,
              "value": 30.0,
              "radius": -1.0
            }
          ]
        }
      }
    },
    {
      "type": "UIElementProxy",
      "id": 2,
      "data": {
        "proxies": [
          {
            "target": [
              0
            ],
            "normScale": 1.0,
            "extraZOffset": 0
          },
          {
            "target": [
              1
            ],
            "normScale": 1.0,
            "extraZOffset": 1
          }
        ]
      }
    }
  ]
}