{
  "children": [],
  "logics": [
    {
      "type": "ParticlesSystem",
      "id": 1,
      "data": {
        "isVisible": true,
        "alpha": 1.0,
        "drawPriority": 1,
        "emission": {
          "duration": -1.0,
          "startDelay": 0.30000001192092896,
          "autoStart": true,
          "loop": true,
          "heating": true,
          "emitterSpace": "Local",
          "emitterType": "Sphere",
          "emitterVal": {
            "x": 30.0,
            "y": 30.0
          },
          "thickness": 1.0,
          "emissionRate": 500.0,
          "direction": 90.0,
          "directionVar": 360.0,
          "lifetime": 0.5,
          "lifetimeVar": 0.10000000149011612
        },
        "movement": {
          "speed": 5.0,
          "speedVar": 0.10000000149011612,
          "initRotation": 30.0,
          "initRotationVar": 0.10000000149011612,
          "rotationSpeed": 10.0,
          "rotationSpeedVar": 0.10000000149011612,
          "rotationAcc": 0.0
        },
        "size": {
          "startScale": {
            "x": 1.0,
            "y": 1.0
          },
          "startScaleVar": {
            "x": 0.10000000149011612,
            "y": 0.10000000149011612
          },
          "endScale": {
            "x": 0.5,
            "y": 0.5
          },
          "endScaleVar": {
            "x": 0.10000000149011612,
            "y": 0.10000000149011612
          },
          "fixedRatio": true
        },
        "color": {
          "startCol": {
            "r": 255,
            "g": 255,
            "b": 255,
            "a": 255
          },
          "startColVar": {
            "x": 0.10000000149011612,
            "y": 0.10000000149011612,
            "z": 0.10000000149011612,
            "w": 0.0
          },
          "endCol": {
            "r": 0,
            "g": 59,
            "b": 255,
            "a": 255
          },
          "endColVar": {
            "x": 0.20000000298023224,
            "y": 0.20000000298023224,
            "z": 0.20000000298023224,
            "w": 0.0
          },
          "fadeIn": 0.0,
          "fadeOut": 0.05000000074505806
        },
        "render": {
          "blending": "Additive",
          "texture": "Images/block.png"
        },
        "subEmitters": {
          "subEmitters": []
        },
        "gravity": {
          "fields": [
            {
              "type": "Vortex",
              "offset": {
                "x": 0.0,
                "y": 0.0
              },
              "dir": 50.0,
              "value": 300.0,
              "radius": -1.0
            }
          ]
        }
      }
    },
    {
      "type": "UIRenderNormalizator",
      "id": 3,
      "data": {
        "factor": 1.0
      }
    },
    {
      "type": "ParticlesSystem",
      "id": 4,
      "data": {
        "isVisible": true,
        "alpha": 1.0,
        "drawPriority": 1,
        "emission": {
          "duration": -1.0,
          "startDelay": 0.30000001192092896,
          "autoStart": true,
          "loop": true,
          "heating": true,
          "emitterSpace": "Local",
          "emitterType": "Box",
          "emitterVal": {
            "x": 30.0,
            "y": 30.0
          },
          "thickness": 1.0,
          "emissionRate": 500.0,
          "direction": 90.0,
          "directionVar": 360.0,
          "lifetime": 0.5,
          "lifetimeVar": 0.10000000149011612
        },
        "movement": {
          "speed": 5.0,
          "speedVar": 0.10000000149011612,
          "initRotation": 30.0,
          "initRotationVar": 0.10000000149011612,
          "rotationSpeed": 10.0,
          "rotationSpeedVar": 0.10000000149011612,
          "rotationAcc": 0.0
        },
        "size": {
          "startScale": {
            "x": 1.0,
            "y": 1.0
          },
          "startScaleVar": {
            "x": 0.10000000149011612,
            "y": 0.10000000149011612
          },
          "endScale": {
            "x": 0.5,
            "y": 0.5
          },
          "endScaleVar": {
            "x": 0.10000000149011612,
            "y": 0.10000000149011612
          },
          "fixedRatio": true
        },
        "color": {
          "startCol": {
            "r": 255,
            "g": 255,
            "b": 255,
            "a": 255
          },
          "startColVar": {
            "x": 0.10000000149011612,
            "y": 0.10000000149011612,
            "z": 0.10000000149011612,
            "w": 0.0
          },
          "endCol": {
            "r": 0,
            "g": 59,
            "b": 255,
            "a": 255
          },
          "endColVar": {
            "x": 0.20000000298023224,
            "y": 0.20000000298023224,
            "z": 0.20000000298023224,
            "w": 0.0
          },
          "fadeIn": 0.0,
          "fadeOut": 0.05000000074505806
        },
        "render": {
          "blending": "Additive",
          "texture": "Images/block.png"
        },
        "subEmitters": {
          "subEmitters": []
        },
        "gravity": {
          "fields": [
            {
              "type": "Vortex",
              "offset": {
                "x": 0.0,
                "y": 0.0
              },
              "dir": -90.0,
              "value": 300.0,
              "radius": -1.0
            }
          ]
        }
      }
    }
  ]
}