{
  "children": [],
  "logics": [
    {
      "type": "ParticlesSystem",
      "id": 1,
      "data": {
        "isVisible": true,
        "alpha": 1.0,
        "drawPriority": 0,
        "emission": {
          "duration": 0.10000000149011612,
          "startDelay": 0.0,
          "autoStart": false,
          "loop": false,
          "heating": true,
          "emitterSpace": "World",
          "emitterType": "Sphere",
          "emitterVal": {
            "x": 120.0,
            "y": 120.0
          },
          "thickness": 0.0,
          "emissionRate": 1200.0,
          "direction": 90.0,
          "directionVar": 30.0,
          "lifetime": 0.6000000238418579,
          "lifetimeVar": 1.0
        },
        "movement": {
          "speed": 300.0,
          "speedVar": 0.10000000149011612,
          "initRotation": 30.0,
          "initRotationVar": 360.0,
          "rotationSpeed": 60.0,
          "rotationSpeedVar": 0.10000000149011612,
          "rotationAcc": 10.0
        },
        "size": {
          "startScale": {
            "x": 1.0,
            "y": 1.0
          },
          "startScaleVar": {
            "x": 0.10000000149011612,
            "y": 0.10000000149011612
          },
          "endScale": {
            "x": 10.0,
            "y": 10.0
          },
          "endScaleVar": {
            "x": 0.10000000149011612,
            "y": 0.10000000149011612
          }
        },
        "color": {
          "startCol": {
            "r": 255,
            "g": 250,
            "b": 84,
            "a": 255
          },
          "startColVar": {
            "x": 0.10000000149011612,
            "y": 0.10000000149011612,
            "z": 0.10000000149011612,
            "w": 0.10000000149011612
          },
          "endCol": {
            "r": 255,
            "g": 255,
            "b": 255,
            "a": 255
          },
          "endColVar": {
            "x": 0.0,
            "y": 0.0,
            "z": 0.0,
            "w": 0.0
          },
          "fadeIn": 0.10000000149011612,
          "fadeOut": 0.20000000298023224
        },
        "render": {
          "blending": "Normal",
          "texture": "Images/Game/spark_32x32.png"
        },
        "subEmitters": {
          "subEmitters": []
        },
        "gravity": {
          "fields": [
            {
              "type": "Simple",
              "offset": {
                "x": 0.0,
                "y": 0.0
              },
              "dir": -90.0,
              "value": 700.0,
              "radius": -1.0
            }
          ]
        }
      }
    }
  ]
}